Score,Text,Time
0.0258,"genocide denier and Erdoganâ€™s puppy #MehmetOz has lost #Pennsylvaniaâ€™s tight #senate race 

God bless the Armenianâ€¦ https://t.co/xfMLWTTXei",2022-11-09T06:26:53.000Z
0,"https://t.co/oqccDkTuK7 (November 9, 2022; 13:29 HKT) #MEHMETOZ #DROZ #FAIL",2022-11-09T06:25:15.000Z
0.6259,QuÃ©Ã©Ã©Ã©??? OMG!! Que emociÃ³n!! Es un hombre que ha resucitado literalmente de las garras de la muerte. Hace 6 mesesâ€¦ https://t.co/qZUEBycH49,2022-11-09T06:25:03.000Z
-0.4019,"Anybody whose name starts with â€œMehâ€ - probably deserves to lose their election bid. Just sayin.

#MehmetOz #SnakeOil",2022-11-09T06:24:09.000Z
-0.3182,"Dr Mehmet Oz lost the election by a narrow margin.
#Fetterman #MehmetOz https://t.co/p2LcachFom",2022-11-09T06:24:06.000Z
0.3612,@hodgetwins You have @seanhannity to thank for #MehmetOz loss. He insisted #Trump endorse d guy even though he wasâ€¦ https://t.co/b4JKTWyRuC,2022-11-09T06:23:09.000Z
-0.3182,"#MehmetOz loses to #Obama, not to #Fetterman as the former president put his weight in the local race.  
ğŸ”¸ï¸Obama seâ€¦ https://t.co/7V8es7y2ZP",2022-11-09T06:23:09.000Z
0,@FoxNews #OprahWinfrey just shafted #MehmetOz,2022-11-09T06:22:37.000Z
-0.3612,"RT @MatHelman: .@DrOz @ccontres @retripp @BrittanyYanick &amp; the whole #DrOz #DrOzforSenate #MehmetOz team:

Was the lying worth it? Was theâ€¦",2022-11-09T06:22:18.000Z
-0.3612,".@DrOz @ccontres @retripp @BrittanyYanick &amp; the whole #DrOz #DrOzforSenate #MehmetOz team:

Was the lying worth it?â€¦ https://t.co/t27YKU0wXs",2022-11-09T06:19:43.000Z
-0.5622,SUCK IT @FoxNews @foxnewspolitics @TuckerCarlson @JesseBWatters @jesseprimetime @greggutfeld @thefive You monstersâ€¦ https://t.co/3kDYE1DVAb,2022-11-09T06:17:36.000Z
0.4767,@TrendingLiberal @joncoopertweets #MehmetOz will be just fine. Iâ€™m sure he has a whole medicine cabinet full of supâ€¦ https://t.co/YXGKAIRUhk,2022-11-09T06:09:42.000Z
0,#oz #mehmetoz another #republican turd. #trumper goes down the drain.,2022-11-09T06:05:37.000Z
0,"RT @yakupcetincom: BozkÄ±rlÄ± hemÅŸehrimiz Mehmet Ã–z'Ã¼n ABD seÃ§imlerindeki adaylÄ±ÄŸÄ± iÃ§in Anadolu AjansÄ± olarak yaptÄ±ÄŸÄ±mÄ±z Ã§ekimler.

SaÄŸlÄ±k alâ€¦",2022-11-09T06:05:30.000Z
0.3975,Will Mehmet Oz move back to New Jersey now?  I hope not.  We donâ€™t want him here.  #DrOz #MehmetOz #OzTheHack,2022-11-09T06:03:45.000Z
-0.5216,No more Oz!!!!!!! #fetterman2022 #FettermanIsTheBetterman #MehmetOz #DrOz #Democrats,2022-11-09T06:03:04.000Z
0.3182,@Oprah has redeemed herself #ElectionNight #Oprah #MehmetOz #Fetterman,2022-11-09T06:02:49.000Z
0,"BozkÄ±rlÄ± hemÅŸehrimiz Mehmet Ã–z'Ã¼n ABD seÃ§imlerindeki adaylÄ±ÄŸÄ± iÃ§in Anadolu AjansÄ± olarak yaptÄ±ÄŸÄ±mÄ±z Ã§ekimler.

SaÄŸlâ€¦ https://t.co/6x6eeS9Os1",2022-11-09T06:02:49.000Z
0,"...

We have defended both democracy AND Dogs across #Pennsylvania
AND all of our America,
with @JohnFetterman DEFEâ€¦ https://t.co/Dl9VRErkrB",2022-11-09T06:02:26.000Z
-0.5423,"@DrOz (#MehmetOz) HAD to be, that bad of a candidate that he couldnâ€™t even beat @JohnFetterman 

#Election2022",2022-11-09T06:01:51.000Z
-0.7351,@DrOz (#MehmetOz) had to be THAT much of a horrible candidate to lose to @FettermanLt,2022-11-09T06:00:10.000Z
-0.1882,"Fetterman the projected winner ğŸ˜‚ğŸ˜‚ğŸ¤£ you can't make this shit up anymore! #Pennsylvania #ElectionDayâ€¯â€¯â€¯ #ElectionDayâ€¯â€¦ https://t.co/N8FYcLj6mc",2022-11-09T05:59:21.000Z
0,RT @MoistenedTart: John Fetterman has been called to win!Pennsylvania!!!! #democraticsocialist #bernisesanders #MehmetOz #Pennsylvanie,2022-11-09T05:55:00.000Z
0,John Fetterman has been called to win!Pennsylvania!!!! #democraticsocialist #bernisesanders #MehmetOz #Pennsylvanie,2022-11-09T05:54:39.000Z
0,RT @RealFactsVsFake: #DrOz #MehmetOz,2022-11-09T03:40:49.000Z
0,RT @RealFactsVsFake: #DrOz #MehmetOz,2022-11-09T03:37:03.000Z
0,#DrOz #MehmetOz https://t.co/rifczunu7L,2022-11-09T03:36:04.000Z
0,Meanwhile #ElectionDay #MehmetOz https://t.co/EX7ZFnYbeT,2022-11-09T02:56:20.000Z
0,#Trump #Oz #MehmetOz https://t.co/vjpZU2sJCM,2022-11-09T02:02:32.000Z
0.5719,"If Uncle Festerman wins over Dr. Oz, that means anyone, and I mean anyone, can run for Senate.
#FettermanForSenate #MehmetOz #Pennsylvania",2022-11-09T01:54:46.000Z
0.0772,@JohnFetterman They want your pension and rest of wallet. PA vote vote vote #MehmetOz,2022-11-09T01:47:18.000Z
0.2023,#MehmetOz is losing and I couldnâ€™t be happier. Just go away.,2022-11-09T01:14:47.000Z
0.4588,"RT @ShantanuVashi10: @TarekFatah I am glad voting is over here in PA. My youtube ads have gone from ""Dr Oz will take away women's right"" toâ€¦",2022-11-09T00:41:04.000Z
0.4588,"@DrOz I am glad voting is over here in PA. My youtube ads have gone from ""Dr Oz will take away women's right"" to ""Mâ€¦ https://t.co/A84hGj1Nve",2022-11-08T23:55:03.000Z
0.4588,"@TarekFatah I am glad voting is over here in PA. My youtube ads have gone from ""Dr Oz will take away women's right""â€¦ https://t.co/NSqjKuiP1W",2022-11-08T23:54:29.000Z
0,"#Pennsylvania 

STAY IN LINE - GO VOTE!!!

DON'T LET CORRUPT #democrats' Schemes KEEP YOU FROM VOTING!!!

- VOTE FOâ€¦ https://t.co/ENsDcw8IxJ",2022-11-08T23:50:30.000Z
0,"RT @ChrisBohjalian: Since 2017, when I lecture in synagogues and Armenian churches about the links between the #ArmenianGenocide and the #Hâ€¦",2022-11-08T23:30:34.000Z
0.296,"RT @BucksCoKierstyn: Regardless of what happens this #ElectionDay, I'm going to be PSYCHED to remove this ğŸ’© from my Google Alert list.

I hâ€¦",2022-11-08T23:12:56.000Z
0.5837,"#Pennsylvania!!

VOTE FOR --- #MehmetOZ --- For US Senate 

Want a Change For the Better?

VOTE FOR #REPUBLICANS UPâ€¦ https://t.co/txfyW8plfh",2022-11-08T23:04:06.000Z
0,Fetterman campaign sues to have incomplete mail-in ballots counted https://t.co/8EFxfQrUE1 via @YouTube #MehmetOz,2022-11-08T22:25:36.000Z
0.296,"RT @BucksCoKierstyn: Regardless of what happens this #ElectionDay, I'm going to be PSYCHED to remove this ğŸ’© from my Google Alert list.

I hâ€¦",2022-11-08T22:23:08.000Z
0,â–¶ï¸Dr. Mehmet Ã–z Pennsylvania eyaletinde SenatÃ¶r olmak iÃ§in CumhuriyetÃ§i Parti adÄ±na yarÄ±ÅŸacak.Demokrat Parti adayÄ±â€¦ https://t.co/Cwzh6eKtAY,2022-11-08T21:32:18.000Z
0.296,"RT @BucksCoKierstyn: Regardless of what happens this #ElectionDay, I'm going to be PSYCHED to remove this ğŸ’© from my Google Alert list.

I hâ€¦",2022-11-08T21:22:13.000Z
-0.4466,RT @Roadmaster1253: PENNSYLVANIA VOTE NO ON #MehmetOz #DrOz SNAKE OIL SALESMAN.......#Pennsylvania #VoteBlueToSaveAmerica #FettermanForSenaâ€¦,2022-11-08T21:20:00.000Z
-0.9341,"RT @Roadmaster1253: VOTE NO ON #REPUBLICANS 
VOTE NO ON #MAGA &amp;
VOTE HELL NO ON  #DrOz #MehmetOz THE SNAKE OIL SALESMAN FROM NEW JERSEY..
#â€¦",2022-11-08T21:19:04.000Z
-0.9042,"RT @Roadmaster1253: VOTE NO ON THE SNAKE OIL SALESMAN FROM NEW JERSEY..
HELL NO ON #MehmetOz #DrOz 
#FoxNews #Midterm #MIDTERMELECTIONS #Woâ€¦",2022-11-08T21:16:33.000Z
0.7096,"@DrOz @HerschelWalker @JDVance1
@KariLake

Good luck for today Dr Oz, J.D, Herschel and Kari and all the other GOPâ€¦ https://t.co/PZFr4LJ2IV",2022-11-08T20:52:04.000Z
0.296,"RT @BucksCoKierstyn: Regardless of what happens this #ElectionDay, I'm going to be PSYCHED to remove this ğŸ’© from my Google Alert list.

I hâ€¦",2022-11-08T20:38:31.000Z
0.296,"RT @BucksCoKierstyn: Regardless of what happens this #ElectionDay, I'm going to be PSYCHED to remove this ğŸ’© from my Google Alert list.

I hâ€¦",2022-11-08T20:34:37.000Z
0,"RT @ChrisBohjalian: Since 2017, when I lecture in synagogues and Armenian churches about the links between the #ArmenianGenocide and the #Hâ€¦",2022-11-08T19:42:03.000Z
0,RT @CarGofan: #DrOz.  #MehmetOz,2022-11-08T19:32:00.000Z
0,#DrOz.   #MehmetOz https://t.co/SqmgLEBFYw,2022-11-08T19:30:57.000Z
0,#DrOz.   #MehmetOz https://t.co/Bq1ceKX6lc,2022-11-08T19:30:25.000Z
0,#DrOz.  #MehmetOz https://t.co/FuX0qWFEAx,2022-11-08T19:29:56.000Z
0.25,"RT @PicAxe6: In Order To Assure The Outcome He Wants, Fetterman Warns That â€œBallot Countingâ€ in Pennsylvania Could Take â€˜Several Daysâ€™. Bewâ€¦",2022-11-08T18:08:54.000Z
0.296,"RT @BucksCoKierstyn: Regardless of what happens this #ElectionDay, I'm going to be PSYCHED to remove this ğŸ’© from my Google Alert list.

I hâ€¦",2022-11-08T18:06:20.000Z
0.25,"In Order To Assure The Outcome He Wants, Fetterman Warns That â€œBallot Countingâ€ in Pennsylvania Could Take â€˜Severalâ€¦ https://t.co/7n15JrVpsx",2022-11-08T17:59:17.000Z
0.296,"Regardless of what happens this #ElectionDay, I'm going to be PSYCHED to remove this ğŸ’© from my Google Alert list.â€¦ https://t.co/kKqEnKKE6I",2022-11-08T17:57:19.000Z
-0.2942,"#PA donâ€™t forget that #MehmetOz is a #Turkish citizen, voted in the Turkey election, and lives in #NJ! Do you thinkâ€¦ https://t.co/joUnDddb3o",2022-11-08T17:34:22.000Z
0,"Took my little Republican to the Polls with me to Vote today!ğŸ‡ºğŸ‡¸

#VoteRedToSaveAmerica #VoteRed2022 #RedWaveComingâ€¦ https://t.co/a1TzBIU8q5",2022-11-08T17:33:30.000Z
-0.6908,Trevor Noah on Oprah endorsing Dr Ozâ€™s rival: â€˜You have to kill the monster you createâ€™ https://t.co/RYY4yT4wvaâ€¦ https://t.co/BEZJsW6Htc,2022-11-08T17:30:31.000Z
0,"RT @ChrisBohjalian: Since 2017, when I lecture in synagogues and Armenian churches about the links between the #ArmenianGenocide and the #Hâ€¦",2022-11-08T16:55:29.000Z
0.2856,"RT @AndThatAndThis: #DrOz is an American Muslim

Okay, there is nothing wrong with that. 

EXCEPT #MehmetOz ignored his fellow American Musâ€¦",2022-11-08T16:33:45.000Z
0,"â€œOz Could Be the First Muslim U.S. Senator, but Some Muslim Americans Are Ambivalentâ€ | The New York Timesâ€¦ https://t.co/ZSGi1XrO2I",2022-11-08T16:30:03.000Z
0.2856,"#DrOz is an American Muslim

Okay, there is nothing wrong with that. 

EXCEPT #MehmetOz ignored his fellow Americanâ€¦ https://t.co/4SIZL4E1mk",2022-11-08T16:25:24.000Z
0,https://t.co/ZQ4mduJ1io #SnakeOil #DogFacePonia #ozmel #Fetterman #Oz #OprahsFavoriteThings #Oprahâ€¦ https://t.co/diWb8aY02K,2022-11-08T15:59:37.000Z
-0.9341,"RT @Roadmaster1253: VOTE NO ON #REPUBLICANS 
VOTE NO ON #MAGA &amp;
VOTE HELL NO ON  #DrOz #MehmetOz THE SNAKE OIL SALESMAN FROM NEW JERSEY..
#â€¦",2022-11-08T15:43:26.000Z
0,Mehmet Ã–z kimdir? https://t.co/huoh0bMMLk #mehmetoz @mehmetoz https://t.co/lwJOUHz7p1,2022-11-08T14:30:08.000Z
0.0258,"RT @PGPavlos: I hope that American people will wisely avoid today selecting a servant of a criminal rogue state, in the ğŸ‡ºğŸ‡¸ US Senate.
#Stopâ€¦",2022-11-08T13:05:33.000Z
0.4215,"ï¸ğŸ—³ï¸ğŸ´ğŸ’¸ Ff PAC spent $142,500 for media buys starting Nov 5th to oppose Mehmet Oz, Republican candidate for Senate inâ€¦ https://t.co/gSCprrfFYF",2022-11-08T13:00:12.000Z
-0.5106,"Stop the fascist takeover of #Twitter, #MehmetOz supports genocide https://t.co/OJhWZ09xX1",2022-11-08T12:53:04.000Z
0,"#FascistOfOz ain't even a #RealAmerican according to what #Republicans say about most #Immigrant. #MehmetOz isâ€¦ https://t.co/Y5tGRS4lJd",2022-11-08T12:35:56.000Z
0,"#VoteBlueToEndTheInsanity

#Mastriano Not one redeeming quality!
Who votes for these #Vile #insurrectionists ?â€¦ https://t.co/P1gLaDT5L7",2022-11-08T12:27:47.000Z
-0.4019,#MehmetOz (The #Republican nominee for US Senate in #Pennsylvania) - Problems with health and funding. When #DrOz wâ€¦ https://t.co/796q368j9t,2022-11-08T12:03:04.000Z
-0.4466,RT @Roadmaster1253: PENNSYLVANIA VOTE NO ON #MehmetOz #DrOz SNAKE OIL SALESMAN.......#Pennsylvania #VoteBlueToSaveAmerica #FettermanForSenaâ€¦,2022-11-08T11:43:07.000Z
0,"RT @Roadmaster1253: #MehmetOz (AKA) #DrOz 
(AKA) SNAKE OIL SALESMAN""
#Pennsylvania #VoteOutOz #VoteNoOnOz 
#Midterm #MIDTERMELECTIONS",2022-11-08T11:40:49.000Z
0,"RT @Roadmaster1253: #MehmetOz (AKA) #DrOz 
(AKA) SNAKE OIL SALESMAN""
#Pennsylvania #VoteOutOz #VoteNoOnOz 
#Midterm #MIDTERMELECTIONS",2022-11-08T11:21:13.000Z
0,"#VoteBlueToday #Pennsylvania #women 
#JohnFettermanForSenate 

#MehmetOz wants your â€œlocal political leaderâ€ to makâ€¦ https://t.co/JbwbsVpHPo",2022-11-08T10:38:24.000Z
0.0258,"RT @PGPavlos: I hope that American people will wisely avoid today selecting a servant of a criminal rogue state, in the ğŸ‡ºğŸ‡¸ US Senate.
#Stopâ€¦",2022-11-08T09:25:53.000Z
0.0258,"I hope that American people will wisely avoid today selecting a servant of a criminal rogue state, in the ğŸ‡ºğŸ‡¸ US Senâ€¦ https://t.co/HqLeW50GD7",2022-11-08T09:22:17.000Z
0,Who Is Mehmet Oz? Know All About the Republican Nominee For US Senate Election 2022 in Pennsylvania Who May Becomeâ€¦ https://t.co/mSoJ0Nc15k,2022-11-08T09:11:03.000Z
0,"@seanhannity So you are not #media? Just a #RightWing #commentator. Unlike the Media
@PBS @nbc @cbs who do their hoâ€¦ https://t.co/N28zXlVhzi",2022-11-08T07:52:30.000Z
0,"BLOG
ãƒ¡ãƒ•ãƒ¡ãƒˆãƒ»ã‚ªã‚ºï¼šå…±å’Œå…šã®é€£é‚¦ä¸Šé™¢è­°å“¡å€™è£œï¼ˆãƒšãƒ³ã‚·ãƒ«ãƒãƒ‹ã‚¢ï¼‰ã€ç¥ã®ä¸‹ã§ã®å›£çµã‚’ä¿¡ã˜ã‚‹ï¼2022ç±³ä¸­é–“é¸æŒ™ï¼#MehmetOzï¼šFederal senator candidate of #Republican (â€¦ https://t.co/5nkaHPzLD6",2022-11-08T07:29:13.000Z
0,"Dr. Mehmet Ã–z, Pensilvanya'da seÃ§menlerle bir araya geldi
https://t.co/98KftMTzLz #droz #mehmetoz #pensilvanya #pensylvania @DrOz",2022-11-08T07:12:29.000Z
0,@ProfDemirtas #8kasÄ±m #8kasÄ±m2022 #abd #kongre #abdkongresecimleri #kongresecimi #senato #mehmetoz #abdsecimleri,2022-11-08T06:17:07.000Z
0,"RT @mapsin: 8 kasÄ±mda ne olacak? 8 KASIM HERÅEYÄ°N SONU MU ? 8 kasÄ±m 2022, 8 KASIM AB... https://t.co/yJatjamY0M @YouTube aracÄ±lÄ±ÄŸÄ±yla 

#8kâ€¦",2022-11-08T06:16:57.000Z
0,"8 kasÄ±mda ne olacak? 8 KASIM HERÅEYÄ°N SONU MU ? 8 kasÄ±m 2022, 8 KASIM AB... https://t.co/yJatjamY0M @YouTube aracÄ±lâ€¦ https://t.co/gUtWJhfHYs",2022-11-08T06:16:52.000Z
0,"RT @BucksCoKierstyn: #Democrat @ashley_ehasz spent yesterday with the voters of #PA01 in an open-to-all rally.

#GOP Rep. Fitzpatrick spentâ€¦",2022-11-08T05:54:53.000Z
0,"RT @ChrisBohjalian: Since 2017, when I lecture in synagogues and Armenian churches about the links between the #ArmenianGenocide and the #Hâ€¦",2022-11-08T05:21:37.000Z
0,"RT @ChrisBohjalian: Since 2017, when I lecture in synagogues and Armenian churches about the links between the #ArmenianGenocide and the #Hâ€¦",2022-11-08T05:21:36.000Z
0,"RT @ChrisBohjalian: Since 2017, when I lecture in synagogues and Armenian churches about the links between the #ArmenianGenocide and the #Hâ€¦",2022-11-08T05:16:35.000Z
0,"RT @ChrisBohjalian: Since 2017, when I lecture in synagogues and Armenian churches about the links between the #ArmenianGenocide and the #Hâ€¦",2022-11-08T05:04:13.000Z
0,RT @sma_azra: #Ordu #mesleknoebetindeyiz #carsamba #earthquake #HaddiniBilCihanKolivar #Napoli #blindgetrouwd #GSvOF #RocaAFazenda #ALTIN #â€¦,2022-11-10T04:46:07.000Z
0,"RT @yakupcetincom: BozkÄ±rlÄ± hemÅŸehrimiz Mehmet Ã–z'Ã¼n ABD seÃ§imlerindeki adaylÄ±ÄŸÄ± iÃ§in Anadolu AjansÄ± olarak yaptÄ±ÄŸÄ±mÄ±z Ã§ekimler.

SaÄŸlÄ±k alâ€¦",2022-11-10T03:51:00.000Z
-0.8402,"#TrumpBlamesMelania
#MehmetOz
Trump blames Oz for harming his credibility If Trump knew Oz would lose he would notâ€¦ https://t.co/fTrcmnaJcc",2022-11-10T03:47:08.000Z
0,RT @Mucahitozturk60: SeÃ§im vaadi bu olan birinin seÃ§ilmemesine Ã¼zÃ¼lecek deÄŸiliz. #MehmetOz https://t.co/yExZyrj6Yp,2022-11-10T03:08:33.000Z
0,"Ladies and gentlemen, the Senator of Pennsylvaniaâ€¦

#Midterms2022 #Midterms #Fetterman #MehmetOz #Pennsylvania #paâ€¦ https://t.co/F8GdCd5Yhk",2022-11-10T02:26:29.000Z
0.7906,"Yeah good job Pennsylvania, you dodged a real carpet bagging schmuck. I hope he dissolves out of public (and privatâ€¦ https://t.co/TaiOgpmBks",2022-11-10T02:23:36.000Z
0.6808,Trump won my #Pennsylvania county twice. Last night #MehmetOz  and #ScottPerry won comfortably. But Shapiro beatâ€¦ https://t.co/SgxK7iEsmL,2022-11-10T02:14:17.000Z
0,"RT @SetrozluT: #bist konusunda Ã§ok aÃ§Ä±klayÄ±cÄ± bilgiler
#cvsbulten17 
#KasÄ±ma100BinOEÄŸretmen #mesleknoebetindeyiz #ABDSecimi #MehmetOz",2022-11-10T01:51:51.000Z
0,"RT @SetrozluT: #bist konusunda Ã§ok aÃ§Ä±klayÄ±cÄ± bilgiler
#cvsbulten17 
#KasÄ±ma100BinOEÄŸretmen #mesleknoebetindeyiz #ABDSecimi #MehmetOz",2022-11-10T01:44:21.000Z
-0.6398,"Mehmet Oz did something that 
shouldn't be remarkable after his loss #MehmetOz #ElectionDayloss https://t.co/tSLsel8P5I",2022-11-10T01:16:42.000Z
-0.2411,Never a fan of the Ottoman tbh #Fetterman @JohnFetterman #MehmetOz #DrOz @DrOz https://t.co/9tqdwNUrpl,2022-11-10T01:07:13.000Z
0,"I've seen a START.
May all the #MAGARepublicans 
wind up in the trashcan of history,
and asap.

#LaurenBoebertâ€¦ https://t.co/lqAqg6UKvr",2022-11-10T00:56:20.000Z
0,"Ce serait bien d'avoir un complÃ©ment d'info sur l'Ã©chec du mÃ©diatique #MehmetOz en #Pennsylvanie Trump a choisi unâ€¦ https://t.co/rrLfGeZbjq",2022-11-10T00:21:57.000Z
0,ğŸ˜‚ğŸ˜‚ğŸ˜‚ğŸ˜‚ğŸ˜‚ #RedWave #RedTrickle #RedTsunami2022 #RedWave2022 #Trump #Trump2024 #GOP #GOPFascists #GQP #MehmetOz #PASenâ€¦ https://t.co/MW5lVbRaK4,2022-11-10T00:16:09.000Z
0.296,"#JimmyKimmel calls Dr. Oz â€˜phony,â€™ shares story Oz once told him about Trump https://t.co/BeZFWoqsrT #Candidateâ€¦ https://t.co/c5QNMxsrZw",2022-11-10T00:10:10.000Z
0,#MehmetOz #Fetterman #FettermanForSenate #Pennsylvania #PennsylvaniaSenateRace #PAGOP #Midterms2022 #GOPFascists https://t.co/QxsqsCyUgx,2022-11-10T00:04:49.000Z
0.0258,"RT @artasovor_: genocide denier and Erdoganâ€™s puppy #MehmetOz has lost #Pennsylvaniaâ€™s tight #senate race 

God bless the Armenian people wâ€¦",2022-11-09T23:35:58.000Z
0.0258,"RT @artasovor_: genocide denier and Erdoganâ€™s puppy #MehmetOz has lost #Pennsylvaniaâ€™s tight #senate race 

God bless the Armenian people wâ€¦",2022-11-09T23:18:15.000Z
0.7717,"https://t.co/Twl07ymbyS #MehmetOz bowed out like a real person, he left with decency intact &amp; peacefully passed oveâ€¦ https://t.co/pP364Tb23R",2022-11-09T22:59:17.000Z
0.0258,"RT @artasovor_: genocide denier and Erdoganâ€™s puppy #MehmetOz has lost #Pennsylvaniaâ€™s tight #senate race 

God bless the Armenian people wâ€¦",2022-11-09T22:55:42.000Z
0.5859,"Todayâ€™s Twitter winner, this tweet ğŸ‘‡ğŸ˜‚ğŸ†
#DrOz #MehmetOz #Pennsylvania #FettermanWins #OzTheHack https://t.co/NrnSEJHr9w",2022-11-09T22:39:33.000Z
0.4019,The â€œbrainless Pennsylvaniansâ€ who voted for thisâ€¦.. â€œI donâ€™t supportâ€ uh â€¦ never have â€¦.. to â€œI support uhhhh duhhâ€¦ https://t.co/19M5NjZywk,2022-11-09T22:28:06.000Z
0,"Now we have a sitting President and a Senator with Brain Damage...

https://t.co/0IEZh2SnsH 

#freebeaconâ€¦ https://t.co/jCDjMLR32I",2022-11-09T22:20:38.000Z
-0.4588,"RT @WinstonWalenski: So Pennsylvania elected a literal vegetable to the Senate. 

Is it obvious now that Trump backed the wrong challengerâ€¦",2022-11-09T21:46:48.000Z
0,"RT @SetrozluT: #bist konusunda Ã§ok aÃ§Ä±klayÄ±cÄ± bilgiler
#cvsbulten17 
#KasÄ±ma100BinOEÄŸretmen #mesleknoebetindeyiz #ABDSecimi #MehmetOz",2022-11-09T21:45:08.000Z
0,"RT @SetrozluT: #bist konusunda Ã§ok aÃ§Ä±klayÄ±cÄ± bilgiler
#cvsbulten17 
#KasÄ±ma100BinOEÄŸretmen #mesleknoebetindeyiz #ABDSecimi #MehmetOz",2022-11-09T21:41:51.000Z
0,"RT @SetrozluT: #bist konusunda Ã§ok aÃ§Ä±klayÄ±cÄ± bilgiler
#cvsbulten17 
#KasÄ±ma100BinOEÄŸretmen #mesleknoebetindeyiz #ABDSecimi #MehmetOz",2022-11-09T21:35:44.000Z
0,"RT @SetrozluT: #bist konusunda Ã§ok aÃ§Ä±klayÄ±cÄ± bilgiler
#cvsbulten17 
#KasÄ±ma100BinOEÄŸretmen #mesleknoebetindeyiz #ABDSecimi #MehmetOz",2022-11-09T21:21:05.000Z
-0.4648,"Are y'all gonna admit that #MehmetOz was the WRONG choice to put on the @GOP ticket?",2022-11-09T21:20:37.000Z
0,"RT @SetrozluT: #bist konusunda Ã§ok aÃ§Ä±klayÄ±cÄ± bilgiler
#cvsbulten17 
#KasÄ±ma100BinOEÄŸretmen #mesleknoebetindeyiz #ABDSecimi #MehmetOz",2022-11-09T21:18:26.000Z
0,"RT @SetrozluT: #bist konusunda Ã§ok aÃ§Ä±klayÄ±cÄ± bilgiler
#cvsbulten17 
#KasÄ±ma100BinOEÄŸretmen #mesleknoebetindeyiz #ABDSecimi #MehmetOz",2022-11-09T21:17:01.000Z
0.836,"Always reward candidates that have prior public service history with local voters and connects best.

#DrOz/â€¦ https://t.co/bPzFfZfYLU",2022-11-09T20:58:23.000Z
0,"RT @SetrozluT: #bist konusunda Ã§ok aÃ§Ä±klayÄ±cÄ± bilgiler
#cvsbulten17 
#KasÄ±ma100BinOEÄŸretmen #mesleknoebetindeyiz #ABDSecimi #MehmetOz",2022-11-09T20:56:05.000Z
-0.3412,"RT @Brexit_Mistake: Oh dear... its not been a good night for #LittleTrumpers

#MehmetOz, #LaurenBoebert, #SarahPalin, #KariLake and #DougMaâ€¦",2022-11-09T20:55:44.000Z
0,Amerikaâ€™da heyecanla beklenen seÃ§imlerde eski BaÅŸkan Donald Trumpâ€™Ä±n desteklediÄŸi KonyalÄ± isim seÃ§imi kaybetti.â€¦ https://t.co/My47KLnme7,2022-11-09T20:53:46.000Z
-0.3412,"Oh dear... its not been a good night for #LittleTrumpers

#MehmetOz, #LaurenBoebert, #SarahPalin, #KariLake andâ€¦ https://t.co/gUBMw3bE4I",2022-11-09T20:52:56.000Z
0,#GOP #MAGATears #MAGA #TRUMP #Trump2024 #FettermanForSenate #Shapiro2022 #mastrianoLOST #MehmetOz #GOPFascistsâ€¦ https://t.co/oKiyfJGDai,2022-11-09T20:43:22.000Z
-0.4588,"RT @WinstonWalenski: So Pennsylvania elected a literal vegetable to the Senate. 

Is it obvious now that Trump backed the wrong challengerâ€¦",2022-11-09T20:34:40.000Z
-0.802,Red Wave Fails to Materialize: #MehmetOz in Pennsylvania lost to a man who is obviously a mental incompetent. The mâ€¦ https://t.co/zbgocPNAqG,2022-11-09T20:33:29.000Z
0,"#MehmetOz 

#RepublicansAreTheProblem
#RepublicanFuckery
#BenedictDonald
#DonaldTrump
#Republicants
#Republitardsâ€¦ https://t.co/LwhSy06syh",2022-11-09T20:25:17.000Z
-0.4939,"Mehmet Oz has conceded. Now watch all the republicans turn their backs on him for being a coward. 

#MehmetOz",2022-11-09T20:21:18.000Z
-0.5423,"Fuck you, Dr. Oz

#MehmetOz #GodofWarRagnarok 
#DrOz https://t.co/OMuZffhX9m",2022-11-09T20:06:09.000Z
0,"RT @France24_fr: @BernardHarcourt @JDungelhoeff @MatthieuMabin Le candidat rÃ©publicain #MehmetOz, adoubÃ© par #DonaldTrump, n'aura pas rÃ©ussâ€¦",2022-11-09T20:01:54.000Z
0,"RT @SetrozluT: #bist konusunda Ã§ok aÃ§Ä±klayÄ±cÄ± bilgiler
#cvsbulten17 
#KasÄ±ma100BinOEÄŸretmen #mesleknoebetindeyiz #ABDSecimi #MehmetOz",2022-11-09T20:00:21.000Z
0,"â€˜Stupid and recklessâ€™: â€˜The end of the Trump eraâ€™ after midterm â€˜catastropheâ€™

At least 14 Trump-endorsed candidateâ€¦ https://t.co/rL5q5daOJc",2022-11-09T19:39:53.000Z
0,"RT @SetrozluT: #bist konusunda Ã§ok aÃ§Ä±klayÄ±cÄ± bilgiler
#cvsbulten17 
#KasÄ±ma100BinOEÄŸretmen #mesleknoebetindeyiz #ABDSecimi #MehmetOz",2022-11-09T19:39:14.000Z
0,"RT @SetrozluT: #bist konusunda Ã§ok aÃ§Ä±klayÄ±cÄ± bilgiler
#cvsbulten17 
#KasÄ±ma100BinOEÄŸretmen #mesleknoebetindeyiz #ABDSecimi #MehmetOz",2022-11-09T19:33:49.000Z
0,RT @sma_azra: #Ordu #mesleknoebetindeyiz #carsamba #earthquake #HaddiniBilCihanKolivar #Napoli #blindgetrouwd #GSvOF #RocaAFazenda #ALTIN #â€¦,2022-11-09T19:29:20.000Z
0,"RT @SetrozluT: #bist konusunda Ã§ok aÃ§Ä±klayÄ±cÄ± bilgiler
#cvsbulten17 
#KasÄ±ma100BinOEÄŸretmen #mesleknoebetindeyiz #ABDSecimi #MehmetOz",2022-11-09T19:28:26.000Z
0.4404,"@willchamberlain Let us count the ways, starting with #MehmetOz. Better questions: who could possibly vote for 89â€“yâ€¦ https://t.co/VgZsxCeU0r",2022-11-09T19:28:07.000Z
0,"RT @SetrozluT: #bist konusunda Ã§ok aÃ§Ä±klayÄ±cÄ± bilgiler
#cvsbulten17 
#KasÄ±ma100BinOEÄŸretmen #mesleknoebetindeyiz #ABDSecimi #MehmetOz",2022-11-09T19:20:12.000Z
0,To see #MehmetOz in the midterm US elections is something I never thought I needed to see,2022-11-09T19:16:39.000Z
0,"RT @SetrozluT: #bist konusunda Ã§ok aÃ§Ä±klayÄ±cÄ± bilgiler
#cvsbulten17 
#KasÄ±ma100BinOEÄŸretmen #mesleknoebetindeyiz #ABDSecimi #MehmetOz",2022-11-09T19:13:19.000Z
0,"RT @SetrozluT: #bist konusunda Ã§ok aÃ§Ä±klayÄ±cÄ± bilgiler
#cvsbulten17 
#KasÄ±ma100BinOEÄŸretmen #mesleknoebetindeyiz #ABDSecimi #MehmetOz",2022-11-09T19:05:41.000Z
0,"RT @SetrozluT: #bist konusunda Ã§ok aÃ§Ä±klayÄ±cÄ± bilgiler
#cvsbulten17 
#KasÄ±ma100BinOEÄŸretmen #mesleknoebetindeyiz #ABDSecimi #MehmetOz",2022-11-09T18:56:12.000Z
-0.296,I think the theme of this midterm is that the electorate is no longer looking for celebrity sound bite politiciansâ€¦ https://t.co/IgzdAFIIjE,2022-11-09T18:54:10.000Z
0,"RT @SetrozluT: #bist konusunda Ã§ok aÃ§Ä±klayÄ±cÄ± bilgiler
#cvsbulten17 
#KasÄ±ma100BinOEÄŸretmen #mesleknoebetindeyiz #ABDSecimi #MehmetOz",2022-11-09T18:41:37.000Z
0,"RT @SetrozluT: #bist konusunda Ã§ok aÃ§Ä±klayÄ±cÄ± bilgiler
#cvsbulten17 
#KasÄ±ma100BinOEÄŸretmen #mesleknoebetindeyiz #ABDSecimi #MehmetOz",2022-11-09T18:41:31.000Z
0,"RT @SetrozluT: #bist konusunda Ã§ok aÃ§Ä±klayÄ±cÄ± bilgiler
#cvsbulten17 
#KasÄ±ma100BinOEÄŸretmen #mesleknoebetindeyiz #ABDSecimi #MehmetOz",2022-11-09T18:31:52.000Z
0,"RT @SetrozluT: #bist konusunda Ã§ok aÃ§Ä±klayÄ±cÄ± bilgiler
#cvsbulten17 
#KasÄ±ma100BinOEÄŸretmen #mesleknoebetindeyiz #ABDSecimi #MehmetOz",2022-11-09T18:27:48.000Z
0,"RT @SetrozluT: #bist konusunda Ã§ok aÃ§Ä±klayÄ±cÄ± bilgiler
#cvsbulten17 
#KasÄ±ma100BinOEÄŸretmen #mesleknoebetindeyiz #ABDSecimi #MehmetOz",2022-11-09T18:25:50.000Z
0,"RT @SetrozluT: #bist konusunda Ã§ok aÃ§Ä±klayÄ±cÄ± bilgiler
#cvsbulten17 
#KasÄ±ma100BinOEÄŸretmen #mesleknoebetindeyiz #ABDSecimi #MehmetOz",2022-11-09T18:20:10.000Z
0.7865,"RT @RV30B: PENNSYLVANIA TRUTH: #DonaldTrump should have endorsed #KathyBarnette, a far better and more viable candidate than #MehmetOz, a sâ€¦",2022-11-09T18:19:00.000Z
0,"RT @SetrozluT: #bist konusunda Ã§ok aÃ§Ä±klayÄ±cÄ± bilgiler
#cvsbulten17 
#KasÄ±ma100BinOEÄŸretmen #mesleknoebetindeyiz #ABDSecimi #MehmetOz",2022-11-09T18:18:21.000Z
0,"RT @SetrozluT: #bist konusunda Ã§ok aÃ§Ä±klayÄ±cÄ± bilgiler
#cvsbulten17 
#KasÄ±ma100BinOEÄŸretmen #mesleknoebetindeyiz #ABDSecimi #MehmetOz",2022-11-09T18:17:08.000Z
0,"RT @SetrozluT: #bist konusunda Ã§ok aÃ§Ä±klayÄ±cÄ± bilgiler
#cvsbulten17 
#KasÄ±ma100BinOEÄŸretmen #mesleknoebetindeyiz #ABDSecimi #MehmetOz",2022-11-09T18:16:14.000Z
0,"RT @SetrozluT: #bist konusunda Ã§ok aÃ§Ä±klayÄ±cÄ± bilgiler
#cvsbulten17 
#KasÄ±ma100BinOEÄŸretmen #mesleknoebetindeyiz #ABDSecimi #MehmetOz",2022-11-09T18:15:53.000Z
0,"RT @SetrozluT: #bist konusunda Ã§ok aÃ§Ä±klayÄ±cÄ± bilgiler
#cvsbulten17 
#KasÄ±ma100BinOEÄŸretmen #mesleknoebetindeyiz #ABDSecimi #MehmetOz",2022-11-09T18:14:47.000Z
0,"RT @SetrozluT: #bist konusunda Ã§ok aÃ§Ä±klayÄ±cÄ± bilgiler
#cvsbulten17 
#KasÄ±ma100BinOEÄŸretmen #mesleknoebetindeyiz #ABDSecimi #MehmetOz",2022-11-09T18:11:10.000Z
0,RT @sma_azra: #Ordu #mesleknoebetindeyiz #carsamba #earthquake #HaddiniBilCihanKolivar #Napoli #blindgetrouwd #GSvOF #RocaAFazenda #ALTIN #â€¦,2022-11-09T18:09:49.000Z
0,"RT @SetrozluT: #bist konusunda Ã§ok aÃ§Ä±klayÄ±cÄ± bilgiler
#cvsbulten17 
#KasÄ±ma100BinOEÄŸretmen #mesleknoebetindeyiz #ABDSecimi #MehmetOz",2022-11-09T18:09:36.000Z
-0.1779,"RT @WendyRosenfield: #MehmetOz is a DOCTOR who mocked a man for nearly dying from a stroke, and planned to invite politicians into healthcaâ€¦",2022-11-09T18:09:17.000Z
-0.34,"RT @haaohaoo: 'Furious' Trump is pinning the blame on Melania for his decision to back #MehmetOz: reporter

Still more reports are coming iâ€¦",2022-11-09T18:08:31.000Z
-0.34,"RT @haaohaoo: 'Furious' Trump is pinning the blame on Melania for his decision to back #MehmetOz: reporter

Still more reports are coming iâ€¦",2022-11-09T18:08:28.000Z
0.6369,The best news out of #ElectionNight is that #MehmetOz can finally have the career he deserves -- peddling quack remâ€¦ https://t.co/45M757eqVI,2022-11-09T18:07:01.000Z
0,"RT @SetrozluT: #bist konusunda Ã§ok aÃ§Ä±klayÄ±cÄ± bilgiler
#cvsbulten17 
#KasÄ±ma100BinOEÄŸretmen #mesleknoebetindeyiz #ABDSecimi #MehmetOz",2022-11-09T18:07:00.000Z
0,"RT @SetrozluT: #bist konusunda Ã§ok aÃ§Ä±klayÄ±cÄ± bilgiler
#cvsbulten17 
#KasÄ±ma100BinOEÄŸretmen #mesleknoebetindeyiz #ABDSecimi #MehmetOz",2022-11-09T18:06:58.000Z
0,"RT @SetrozluT: #bist konusunda Ã§ok aÃ§Ä±klayÄ±cÄ± bilgiler
#cvsbulten17 
#KasÄ±ma100BinOEÄŸretmen #mesleknoebetindeyiz #ABDSecimi #MehmetOz",2022-11-09T18:06:50.000Z
0,"RT @SetrozluT: #bist konusunda Ã§ok aÃ§Ä±klayÄ±cÄ± bilgiler
#cvsbulten17 
#KasÄ±ma100BinOEÄŸretmen #mesleknoebetindeyiz #ABDSecimi #MehmetOz",2022-11-09T18:04:56.000Z
0,"RT @SetrozluT: #bist konusunda Ã§ok aÃ§Ä±klayÄ±cÄ± bilgiler
#cvsbulten17 
#KasÄ±ma100BinOEÄŸretmen #mesleknoebetindeyiz #ABDSecimi #MehmetOz",2022-11-09T18:04:52.000Z
-0.34,"RT @haaohaoo: 'Furious' Trump is pinning the blame on Melania for his decision to back #MehmetOz: reporter

Still more reports are coming iâ€¦",2022-11-09T18:04:43.000Z
0,"â€œIt was #DeSantis rather than #Trumpâ€™s handpicked candidates, Walker or #MehmetOz, who delivered the signatureâ€¦ https://t.co/MDH7nnHAeV",2022-11-09T18:04:18.000Z
0,"RT @SetrozluT: #bist konusunda Ã§ok aÃ§Ä±klayÄ±cÄ± bilgiler
#cvsbulten17 
#KasÄ±ma100BinOEÄŸretmen #mesleknoebetindeyiz #ABDSecimi #MehmetOz",2022-11-09T18:03:18.000Z
0,"RT @SetrozluT: #bist konusunda Ã§ok aÃ§Ä±klayÄ±cÄ± bilgiler
#cvsbulten17 
#KasÄ±ma100BinOEÄŸretmen #mesleknoebetindeyiz #ABDSecimi #MehmetOz",2022-11-09T18:02:59.000Z
-0.3182,Will #MehmetOz will be allowed back into the  #HuntingdonValleyCountryClub now that he lost the PA Senate raceğŸ¦?,2022-11-09T18:02:18.000Z
0,"RT @SetrozluT: #bist konusunda Ã§ok aÃ§Ä±klayÄ±cÄ± bilgiler
#cvsbulten17 
#KasÄ±ma100BinOEÄŸretmen #mesleknoebetindeyiz #ABDSecimi #MehmetOz",2022-11-09T18:02:07.000Z
0,"#MehmetOz 

TÃ¼rk vatandaÅŸlÄ±ÄŸÄ±ndan Ã§Ä±kacaÄŸÄ±m gerÃ§ekten Ã§ok aÄŸÄ±r bir sÃ¶zâ€¦ hissetmeyen Ã§Ä±ksÄ±n zaten neden seÃ§im kazanmâ€¦ https://t.co/i9sINFPBUV",2022-11-09T18:01:54.000Z
-0.1779,"#MehmetOz is a DOCTOR who mocked a man for nearly dying from a stroke, and planned to invite politicians into healtâ€¦ https://t.co/YwgKndXLlU",2022-11-09T17:59:00.000Z
-0.6599,"Never trust a â€œfriendâ€ that screws your over, like how Oprah screwed her â€œfriendâ€ Oz over in Pennsylvania.â€¦ https://t.co/bZH6WiGYHQ",2022-11-09T17:57:13.000Z
0,RT @sma_azra: #Ordu #mesleknoebetindeyiz #carsamba #earthquake #HaddiniBilCihanKolivar #Napoli #blindgetrouwd #GSvOF #RocaAFazenda #ALTIN #â€¦,2022-11-09T17:56:59.000Z
0,"RT @SetrozluT: #bist konusunda Ã§ok aÃ§Ä±klayÄ±cÄ± bilgiler
#cvsbulten17 
#KasÄ±ma100BinOEÄŸretmen #mesleknoebetindeyiz #ABDSecimi #MehmetOz",2022-11-09T17:54:23.000Z
0,"RT @SetrozluT: #bist konusunda Ã§ok aÃ§Ä±klayÄ±cÄ± bilgiler
#cvsbulten17 
#KasÄ±ma100BinOEÄŸretmen #mesleknoebetindeyiz #ABDSecimi #MehmetOz",2022-11-09T17:54:03.000Z
-0.34,"RT @haaohaoo: 'Furious' Trump is pinning the blame on Melania for his decision to back #MehmetOz: reporter

Still more reports are coming iâ€¦",2022-11-09T17:53:18.000Z
0,SeÃ§im vaadi bu olan birinin seÃ§ilmemesine Ã¼zÃ¼lecek deÄŸiliz. #MehmetOz https://t.co/yExZyrj6Yp,2022-11-09T17:53:11.000Z
0,"RT @SetrozluT: #bist konusunda Ã§ok aÃ§Ä±klayÄ±cÄ± bilgiler
#cvsbulten17 
#KasÄ±ma100BinOEÄŸretmen #mesleknoebetindeyiz #ABDSecimi #MehmetOz",2022-11-09T17:53:07.000Z
0,"RT @SetrozluT: #bist konusunda Ã§ok aÃ§Ä±klayÄ±cÄ± bilgiler
#cvsbulten17 
#KasÄ±ma100BinOEÄŸretmen #mesleknoebetindeyiz #ABDSecimi #MehmetOz",2022-11-09T17:52:40.000Z
0,"RT @SetrozluT: #bist konusunda Ã§ok aÃ§Ä±klayÄ±cÄ± bilgiler
#cvsbulten17 
#KasÄ±ma100BinOEÄŸretmen #mesleknoebetindeyiz #ABDSecimi #MehmetOz",2022-11-09T17:51:50.000Z
0,"RT @SetrozluT: #bist konusunda Ã§ok aÃ§Ä±klayÄ±cÄ± bilgiler
#cvsbulten17 
#KasÄ±ma100BinOEÄŸretmen #mesleknoebetindeyiz #ABDSecimi #MehmetOz",2022-11-09T17:48:34.000Z
0,"RT @SetrozluT: #bist konusunda Ã§ok aÃ§Ä±klayÄ±cÄ± bilgiler
#cvsbulten17 
#KasÄ±ma100BinOEÄŸretmen #mesleknoebetindeyiz #ABDSecimi #MehmetOz",2022-11-09T17:48:23.000Z
0,"RT @SetrozluT: #bist konusunda Ã§ok aÃ§Ä±klayÄ±cÄ± bilgiler
#cvsbulten17 
#KasÄ±ma100BinOEÄŸretmen #mesleknoebetindeyiz #ABDSecimi #MehmetOz",2022-11-09T17:46:46.000Z
0,RT @sma_azra: #Ordu #mesleknoebetindeyiz #carsamba #earthquake #HaddiniBilCihanKolivar #Napoli #blindgetrouwd #GSvOF #RocaAFazenda #ALTIN #â€¦,2022-11-09T17:46:31.000Z
0,"RT @SetrozluT: #bist konusunda Ã§ok aÃ§Ä±klayÄ±cÄ± bilgiler
#cvsbulten17 
#KasÄ±ma100BinOEÄŸretmen #mesleknoebetindeyiz #ABDSecimi #MehmetOz",2022-11-09T17:45:54.000Z
0,"RT @SetrozluT: #bist konusunda Ã§ok aÃ§Ä±klayÄ±cÄ± bilgiler
#cvsbulten17 
#KasÄ±ma100BinOEÄŸretmen #mesleknoebetindeyiz #ABDSecimi #MehmetOz",2022-11-09T17:45:22.000Z
0,"RT @SetrozluT: #bist konusunda Ã§ok aÃ§Ä±klayÄ±cÄ± bilgiler
#cvsbulten17 
#KasÄ±ma100BinOEÄŸretmen #mesleknoebetindeyiz #ABDSecimi #MehmetOz",2022-11-09T17:44:34.000Z
0,"RT @SetrozluT: #bist konusunda Ã§ok aÃ§Ä±klayÄ±cÄ± bilgiler
#cvsbulten17 
#KasÄ±ma100BinOEÄŸretmen #mesleknoebetindeyiz #ABDSecimi #MehmetOz",2022-11-09T17:43:55.000Z
-0.34,"'Furious' Trump is pinning the blame on Melania for his decision to back #MehmetOz: reporter

Still more reports arâ€¦ https://t.co/FUOjXjld3h",2022-11-09T17:43:48.000Z
0,"RT @SetrozluT: #bist konusunda Ã§ok aÃ§Ä±klayÄ±cÄ± bilgiler
#cvsbulten17 
#KasÄ±ma100BinOEÄŸretmen #mesleknoebetindeyiz #ABDSecimi #MehmetOz",2022-11-09T17:42:30.000Z
0,"RT @SetrozluT: #bist konusunda Ã§ok aÃ§Ä±klayÄ±cÄ± bilgiler
#cvsbulten17 
#KasÄ±ma100BinOEÄŸretmen #mesleknoebetindeyiz #ABDSecimi #MehmetOz",2022-11-09T17:42:07.000Z
0,"RT @SetrozluT: #bist konusunda Ã§ok aÃ§Ä±klayÄ±cÄ± bilgiler
#cvsbulten17 
#KasÄ±ma100BinOEÄŸretmen #mesleknoebetindeyiz #ABDSecimi #MehmetOz",2022-11-09T17:41:11.000Z
0,"RT @SetrozluT: #bist konusunda Ã§ok aÃ§Ä±klayÄ±cÄ± bilgiler
#cvsbulten17 
#KasÄ±ma100BinOEÄŸretmen #mesleknoebetindeyiz #ABDSecimi #MehmetOz",2022-11-09T17:40:56.000Z
0,"RT @SetrozluT: #bist konusunda Ã§ok aÃ§Ä±klayÄ±cÄ± bilgiler
#cvsbulten17 
#KasÄ±ma100BinOEÄŸretmen #mesleknoebetindeyiz #ABDSecimi #MehmetOz",2022-11-09T17:40:34.000Z
0,"RT @SetrozluT: #bist konusunda Ã§ok aÃ§Ä±klayÄ±cÄ± bilgiler
#cvsbulten17 
#KasÄ±ma100BinOEÄŸretmen #mesleknoebetindeyiz #ABDSecimi #MehmetOz",2022-11-09T17:39:10.000Z
0,"RT @SetrozluT: #bist konusunda Ã§ok aÃ§Ä±klayÄ±cÄ± bilgiler
#cvsbulten17 
#KasÄ±ma100BinOEÄŸretmen #mesleknoebetindeyiz #ABDSecimi #MehmetOz",2022-11-09T17:39:08.000Z
0,"RT @SetrozluT: #bist konusunda Ã§ok aÃ§Ä±klayÄ±cÄ± bilgiler
#cvsbulten17 
#KasÄ±ma100BinOEÄŸretmen #mesleknoebetindeyiz #ABDSecimi #MehmetOz",2022-11-09T17:38:02.000Z
0,"RT @MetinPacar: Ä°Ã§iÅŸleri BakanÄ±mÄ±z Sn.@suleymansoylu ,

ğŸ¤š ""SenatÃ¶r olursam TÃ¼rk vatandaÅŸlÄ±ÄŸÄ±ndan Ã§Ä±kacaÄŸÄ±m"" diyen #MehmetOz senatÃ¶r seÃ§ilemâ€¦",2022-11-09T17:37:57.000Z
0,"RT @SetrozluT: #bist konusunda Ã§ok aÃ§Ä±klayÄ±cÄ± bilgiler
#cvsbulten17 
#KasÄ±ma100BinOEÄŸretmen #mesleknoebetindeyiz #ABDSecimi #MehmetOz",2022-11-09T17:36:02.000Z
0,"RT @SetrozluT: #bist konusunda Ã§ok aÃ§Ä±klayÄ±cÄ± bilgiler
#cvsbulten17 
#KasÄ±ma100BinOEÄŸretmen #mesleknoebetindeyiz #ABDSecimi #MehmetOz",2022-11-09T17:34:53.000Z
0,"RT @SetrozluT: #bist konusunda Ã§ok aÃ§Ä±klayÄ±cÄ± bilgiler
#cvsbulten17 
#KasÄ±ma100BinOEÄŸretmen #mesleknoebetindeyiz #ABDSecimi #MehmetOz",2022-11-09T17:34:47.000Z
0,"RT @SetrozluT: #bist konusunda Ã§ok aÃ§Ä±klayÄ±cÄ± bilgiler
#cvsbulten17 
#KasÄ±ma100BinOEÄŸretmen #mesleknoebetindeyiz #ABDSecimi #MehmetOz",2022-11-09T17:33:28.000Z
0,"RT @SetrozluT: #bist konusunda Ã§ok aÃ§Ä±klayÄ±cÄ± bilgiler
#cvsbulten17 
#KasÄ±ma100BinOEÄŸretmen #mesleknoebetindeyiz #ABDSecimi #MehmetOz",2022-11-09T17:33:18.000Z
0,"RT @SetrozluT: #bist konusunda Ã§ok aÃ§Ä±klayÄ±cÄ± bilgiler
#cvsbulten17 
#KasÄ±ma100BinOEÄŸretmen #mesleknoebetindeyiz #ABDSecimi #MehmetOz",2022-11-09T17:31:44.000Z
0,"RT @SetrozluT: #bist konusunda Ã§ok aÃ§Ä±klayÄ±cÄ± bilgiler
#cvsbulten17 
#KasÄ±ma100BinOEÄŸretmen #mesleknoebetindeyiz #ABDSecimi #MehmetOz",2022-11-09T17:31:28.000Z
0,"RT @SetrozluT: #bist konusunda Ã§ok aÃ§Ä±klayÄ±cÄ± bilgiler
#cvsbulten17 
#KasÄ±ma100BinOEÄŸretmen #mesleknoebetindeyiz #ABDSecimi #MehmetOz",2022-11-09T17:31:11.000Z
0,"RT @SetrozluT: #bist konusunda Ã§ok aÃ§Ä±klayÄ±cÄ± bilgiler
#cvsbulten17 
#KasÄ±ma100BinOEÄŸretmen #mesleknoebetindeyiz #ABDSecimi #MehmetOz",2022-11-09T17:29:29.000Z
0.7865,"PENNSYLVANIA TRUTH: #DonaldTrump should have endorsed #KathyBarnette, a far better and more viable candidate thanâ€¦ https://t.co/xOKfywuQLb",2022-11-09T17:29:23.000Z
0,"RT @SetrozluT: #bist konusunda Ã§ok aÃ§Ä±klayÄ±cÄ± bilgiler
#cvsbulten17 
#KasÄ±ma100BinOEÄŸretmen #mesleknoebetindeyiz #ABDSecimi #MehmetOz",2022-11-09T17:29:18.000Z
0,"RT @SetrozluT: #bist konusunda Ã§ok aÃ§Ä±klayÄ±cÄ± bilgiler
#cvsbulten17 
#KasÄ±ma100BinOEÄŸretmen #mesleknoebetindeyiz #ABDSecimi #MehmetOz",2022-11-09T17:29:09.000Z
0,"RT @SetrozluT: #bist konusunda Ã§ok aÃ§Ä±klayÄ±cÄ± bilgiler
#cvsbulten17 
#KasÄ±ma100BinOEÄŸretmen #mesleknoebetindeyiz #ABDSecimi #MehmetOz",2022-11-09T17:28:15.000Z
0,"RT @SetrozluT: #bist konusunda Ã§ok aÃ§Ä±klayÄ±cÄ± bilgiler
#cvsbulten17 
#KasÄ±ma100BinOEÄŸretmen #mesleknoebetindeyiz #ABDSecimi #MehmetOz",2022-11-09T17:27:55.000Z
0,"RT @SetrozluT: #bist konusunda Ã§ok aÃ§Ä±klayÄ±cÄ± bilgiler
#cvsbulten17 
#KasÄ±ma100BinOEÄŸretmen #mesleknoebetindeyiz #ABDSecimi #MehmetOz",2022-11-09T17:27:45.000Z
0,"RT @SetrozluT: #bist konusunda Ã§ok aÃ§Ä±klayÄ±cÄ± bilgiler
#cvsbulten17 
#KasÄ±ma100BinOEÄŸretmen #mesleknoebetindeyiz #ABDSecimi #MehmetOz",2022-11-09T17:27:22.000Z
0,"RT @SetrozluT: #bist konusunda Ã§ok aÃ§Ä±klayÄ±cÄ± bilgiler
#cvsbulten17 
#KasÄ±ma100BinOEÄŸretmen #mesleknoebetindeyiz #ABDSecimi #MehmetOz",2022-11-09T17:26:55.000Z
0,"RT @SetrozluT: #bist konusunda Ã§ok aÃ§Ä±klayÄ±cÄ± bilgiler
#cvsbulten17 
#KasÄ±ma100BinOEÄŸretmen #mesleknoebetindeyiz #ABDSecimi #MehmetOz",2022-11-09T17:26:18.000Z
0,"RT @SetrozluT: #bist konusunda Ã§ok aÃ§Ä±klayÄ±cÄ± bilgiler
#cvsbulten17 
#KasÄ±ma100BinOEÄŸretmen #mesleknoebetindeyiz #ABDSecimi #MehmetOz",2022-11-09T17:26:01.000Z
0,"RT @SetrozluT: #bist konusunda Ã§ok aÃ§Ä±klayÄ±cÄ± bilgiler
#cvsbulten17 
#KasÄ±ma100BinOEÄŸretmen #mesleknoebetindeyiz #ABDSecimi #MehmetOz",2022-11-09T17:25:57.000Z
0,"RT @SetrozluT: #bist konusunda Ã§ok aÃ§Ä±klayÄ±cÄ± bilgiler
#cvsbulten17 
#KasÄ±ma100BinOEÄŸretmen #mesleknoebetindeyiz #ABDSecimi #MehmetOz",2022-11-09T17:25:55.000Z
0,"RT @SetrozluT: #bist konusunda Ã§ok aÃ§Ä±klayÄ±cÄ± bilgiler
#cvsbulten17 
#KasÄ±ma100BinOEÄŸretmen #mesleknoebetindeyiz #ABDSecimi #MehmetOz",2022-11-09T17:25:54.000Z
0,"RT @SetrozluT: #bist konusunda Ã§ok aÃ§Ä±klayÄ±cÄ± bilgiler
#cvsbulten17 
#KasÄ±ma100BinOEÄŸretmen #mesleknoebetindeyiz #ABDSecimi #MehmetOz",2022-11-09T17:25:13.000Z
0,"RT @SetrozluT: #bist konusunda Ã§ok aÃ§Ä±klayÄ±cÄ± bilgiler
#cvsbulten17 
#KasÄ±ma100BinOEÄŸretmen #mesleknoebetindeyiz #ABDSecimi #MehmetOz",2022-11-09T17:25:04.000Z
0,"RT @SetrozluT: #bist konusunda Ã§ok aÃ§Ä±klayÄ±cÄ± bilgiler
#cvsbulten17 
#KasÄ±ma100BinOEÄŸretmen #mesleknoebetindeyiz #ABDSecimi #MehmetOz",2022-11-09T17:24:57.000Z
0,"RT @SetrozluT: #bist konusunda Ã§ok aÃ§Ä±klayÄ±cÄ± bilgiler
#cvsbulten17 
#KasÄ±ma100BinOEÄŸretmen #mesleknoebetindeyiz #ABDSecimi #MehmetOz",2022-11-09T17:24:23.000Z
0,"RT @SetrozluT: #bist konusunda Ã§ok aÃ§Ä±klayÄ±cÄ± bilgiler
#cvsbulten17 
#KasÄ±ma100BinOEÄŸretmen #mesleknoebetindeyiz #ABDSecimi #MehmetOz",2022-11-09T17:23:59.000Z
0,"RT @SetrozluT: #bist konusunda Ã§ok aÃ§Ä±klayÄ±cÄ± bilgiler
#cvsbulten17 
#KasÄ±ma100BinOEÄŸretmen #mesleknoebetindeyiz #ABDSecimi #MehmetOz",2022-11-09T17:23:49.000Z
0,"RT @SetrozluT: #bist konusunda Ã§ok aÃ§Ä±klayÄ±cÄ± bilgiler
#cvsbulten17 
#KasÄ±ma100BinOEÄŸretmen #mesleknoebetindeyiz #ABDSecimi #MehmetOz",2022-11-09T17:23:32.000Z
0,"RT @SetrozluT: #bist konusunda Ã§ok aÃ§Ä±klayÄ±cÄ± bilgiler
#cvsbulten17 
#KasÄ±ma100BinOEÄŸretmen #mesleknoebetindeyiz #ABDSecimi #MehmetOz",2022-11-09T17:22:38.000Z
0,"RT @SetrozluT: #bist konusunda Ã§ok aÃ§Ä±klayÄ±cÄ± bilgiler
#cvsbulten17 
#KasÄ±ma100BinOEÄŸretmen #mesleknoebetindeyiz #ABDSecimi #MehmetOz",2022-11-09T17:21:44.000Z
0,"RT @SetrozluT: #bist konusunda Ã§ok aÃ§Ä±klayÄ±cÄ± bilgiler
#cvsbulten17 
#KasÄ±ma100BinOEÄŸretmen #mesleknoebetindeyiz #ABDSecimi #MehmetOz",2022-11-09T17:21:43.000Z
0,"RT @SetrozluT: #bist konusunda Ã§ok aÃ§Ä±klayÄ±cÄ± bilgiler
#cvsbulten17 
#KasÄ±ma100BinOEÄŸretmen #mesleknoebetindeyiz #ABDSecimi #MehmetOz",2022-11-09T17:21:34.000Z
0,"RT @SetrozluT: #bist konusunda Ã§ok aÃ§Ä±klayÄ±cÄ± bilgiler
#cvsbulten17 
#KasÄ±ma100BinOEÄŸretmen #mesleknoebetindeyiz #ABDSecimi #MehmetOz",2022-11-09T17:21:09.000Z
0,"RT @SetrozluT: #bist konusunda Ã§ok aÃ§Ä±klayÄ±cÄ± bilgiler
#cvsbulten17 
#KasÄ±ma100BinOEÄŸretmen #mesleknoebetindeyiz #ABDSecimi #MehmetOz",2022-11-09T17:20:55.000Z
0,"RT @SetrozluT: #bist konusunda Ã§ok aÃ§Ä±klayÄ±cÄ± bilgiler
#cvsbulten17 
#KasÄ±ma100BinOEÄŸretmen #mesleknoebetindeyiz #ABDSecimi #MehmetOz",2022-11-09T17:20:54.000Z
0,"RT @SetrozluT: #bist konusunda Ã§ok aÃ§Ä±klayÄ±cÄ± bilgiler
#cvsbulten17 
#KasÄ±ma100BinOEÄŸretmen #mesleknoebetindeyiz #ABDSecimi #MehmetOz",2022-11-09T17:20:42.000Z
0,"RT @SetrozluT: #bist konusunda Ã§ok aÃ§Ä±klayÄ±cÄ± bilgiler
#cvsbulten17 
#KasÄ±ma100BinOEÄŸretmen #mesleknoebetindeyiz #ABDSecimi #MehmetOz",2022-11-09T17:20:37.000Z
0,"RT @SetrozluT: #bist konusunda Ã§ok aÃ§Ä±klayÄ±cÄ± bilgiler
#cvsbulten17 
#KasÄ±ma100BinOEÄŸretmen #mesleknoebetindeyiz #ABDSecimi #MehmetOz",2022-11-09T17:19:56.000Z
0,"RT @SetrozluT: #bist konusunda Ã§ok aÃ§Ä±klayÄ±cÄ± bilgiler
#cvsbulten17 
#KasÄ±ma100BinOEÄŸretmen #mesleknoebetindeyiz #ABDSecimi #MehmetOz",2022-11-09T17:19:55.000Z
0,"#bist konusunda Ã§ok aÃ§Ä±klayÄ±cÄ± bilgiler
#cvsbulten17 
#KasÄ±ma100BinOEÄŸretmen #mesleknoebetindeyiz #ABDSecimiâ€¦ https://t.co/oU1DP6voZv",2022-11-09T17:19:26.000Z
0,"The ""not-Be Best!!!"" decision. #melania #MehmetOz https://t.co/efucjUoll3",2022-11-09T17:15:28.000Z
0,"RT @JGrimmJr1: New Jersey when @DrOz comes back.

#DrOz #MehmetOz #ozlost #FettermanForSenate #Fetterman #FettermanWins https://t.co/h3b9MEâ€¦",2022-11-09T17:13:16.000Z
0,"New Jersey when @DrOz comes back.

#DrOz #MehmetOz #ozlost #FettermanForSenate #Fetterman #FettermanWins https://t.co/h3b9MEdTTE",2022-11-09T17:11:26.000Z
-0.7574,#WayToGo #Pennsylvania! Hey #MehmetOz Go back to being your fake #TVDoctor gig and spread your fake advice to peoplâ€¦ https://t.co/57M6VXzQlf,2022-11-09T17:05:22.000Z
0,"So, is #MehmetOz back home in New Jersey yet ?????",2022-11-09T17:03:22.000Z
0.368,"TOP 3 Suchanfragen in den letzten 24h:
ğŸ¥‡ Mehmet Oz ğŸ“ˆ10K+
ğŸ¥ˆ Erdbeben Italien ğŸ“ˆ10K+
ğŸ¥‰ Barca ğŸ“ˆ5K+
#MehmetOz #ErdbebenItalien #Barca",2022-11-09T17:00:28.000Z
0,#Fetterman #MehmetOz #Pennsylvania #PennsylvaniaSenateRace #MAGATears #FettermanIsTheBetterman https://t.co/0NwgWMRecq,2022-11-09T16:41:29.000Z
0.5106,"Sure there was a red wave, alright.

#RedwaVecoMing #RedwAve #RedwaVeriSing #RedbUllraCing #Droz #DrozforsEnateâ€¦ https://t.co/WhpmJYvhWj",2022-11-09T16:37:23.000Z
0.7783,"#MehmetOz  loosing looks like trumps clout is waning,
hope @GovRonDeSantis  gains traction  now.2024 is open.",2022-11-09T16:22:28.000Z
0,#MehmetOz https://t.co/8GGX30lLIc,2022-11-09T16:16:50.000Z
0,"RT @France24_fr: @BernardHarcourt @JDungelhoeff @MatthieuMabin Le candidat rÃ©publicain #MehmetOz, adoubÃ© par #DonaldTrump, n'aura pas rÃ©ussâ€¦",2022-11-09T16:08:58.000Z
0,"RT @France24_fr: @BernardHarcourt @JDungelhoeff @MatthieuMabin Le candidat rÃ©publicain #MehmetOz, adoubÃ© par #DonaldTrump, n'aura pas rÃ©ussâ€¦",2022-11-09T16:08:41.000Z
-0.5667,"Is there any place left on this planet to live, thatâ€™s not totally corrupt and disgusting? Asking for a friend.â€¦ https://t.co/SF5YxtS6Q4",2022-11-09T16:08:00.000Z
-0.1759,@maggieNYT The idea of #Melania dodging ketchup bottles is just sublime! #incoming #Trump #MehmetOz #DrOz https://t.co/gaeaGlg754,2022-11-09T16:07:26.000Z
0,@mmpadellan At least #MehmetOz will never have to shop at Wegnerâ€™s ever again. #FettermanIsTheBetterman,2022-11-09T16:01:53.000Z
0.3182,"@benshapiro Sure does.
#MehmetOz
#LaurenBoebert",2022-11-09T15:55:45.000Z
0,"RT @France24_fr: @BernardHarcourt @JDungelhoeff @MatthieuMabin Le candidat rÃ©publicain #MehmetOz, adoubÃ© par #DonaldTrump, n'aura pas rÃ©ussâ€¦",2022-11-09T15:51:10.000Z
0,"@BernardHarcourt @JDungelhoeff @MatthieuMabin Le candidat rÃ©publicain #MehmetOz, adoubÃ© par #DonaldTrump, n'aura paâ€¦ https://t.co/FaoaeRFsoE",2022-11-09T15:50:11.000Z
0,"@BernardHarcourt @JDungelhoeff @MatthieuMabin Le candidat rÃ©publicain #MehmetOz, adoubÃ© par #DonaldTrump, n'aura paâ€¦ https://t.co/yiOhDoBbQh",2022-11-09T15:45:56.000Z
0,"RT @wearitlikeadiva: Hey Oz, buh bye! #MehmetOz #Pennsylvania #FettermanWins #Fetterman https://t.co/vI2tziuhN0",2022-11-09T15:37:39.000Z
0,"@DrOz Ã–z'Ã¼nÃ¼ satarak TÃ¼rk VatandaÅŸlÄ±ÄŸÄ±ndan Ã§Ä±karÄ±m diyen sÃ¶zÃ¼m ona sahte Ã–z'e ayÄ±p olmasÄ±n diye.. Devletimiz vatandâ€¦ https://t.co/rn9PIWWY8K",2022-11-09T15:28:30.000Z
0.0258,"#Election2022 

Well, #Trump certainly has the makings for a new reality series, #Losers...

Loser - #LaurenBoebertâ€¦ https://t.co/9S7sdNna3R",2022-11-09T15:23:53.000Z
0,Most #Muslims in America are saying â€˜Alhamdulillahâ€™ this morning that the nominally â€˜Muslimâ€™ #Trumper  #MehmetOz isâ€¦ https://t.co/9D5kPPCFHx,2022-11-09T15:09:29.000Z
0,"Bu ÅŸahsÄ± TÃ¼rkiye Cumhuriyeti vatandaÅŸlÄ±ÄŸÄ±ndan Ã§Ä±karmayacak mÄ±yÄ±z???
@TC_icisleri
@suleymansoylu
#MehmetOz
@DrOz https://t.co/9exUb6P3uk",2022-11-09T14:53:53.000Z
-0.1027,"I guess #MehmetOz will have to stop pretending he lives in Pennsylvania and go back to New Jersey....

But I doubtâ€¦ https://t.co/dK3xJtZ3Rk",2022-11-09T14:37:37.000Z
0.0258,"RT @artasovor_: genocide denier and Erdoganâ€™s puppy #MehmetOz has lost #Pennsylvaniaâ€™s tight #senate race 

God bless the Armenian people wâ€¦",2022-11-09T14:28:39.000Z
-0.6124,Just curious how many of those bus loads of illegal migrants dumped by our US border were able to cast a ballot inâ€¦ https://t.co/JRnPvDGi4N,2022-11-09T14:27:53.000Z
0,"RT @ChrisBohjalian: Since 2017, when I lecture in synagogues and Armenian churches about the links between the #ArmenianGenocide and the #Hâ€¦",2022-11-09T14:18:26.000Z
0.5719,"Islamophobia apparently has won once again this election cycle in the US.
It's a sign of the times that our leadingâ€¦ https://t.co/szhqr0v4wv",2022-11-09T14:06:38.000Z
0,"ğŸ˜±  ğŸ¤£ğŸ¤£ğŸ¤£

Even out here in Idaho we know #MehmetOz is from NJ, but was looking for work in PA. Didn't get 'the job' tâ€¦ https://t.co/eBs0VwzEoU",2022-11-09T14:00:25.000Z
0,"#OZ Ozurdu ğŸ’¨
Hemde zart diye!!
#mehmetOZ",2022-11-09T13:43:49.000Z
0,"RT @Turksam: ğŸ‡ºğŸ‡¸ âš¡ï¸ ABD'de yapÄ±lan Kongre ara seÃ§imlerinde CumhuriyetÃ§i Parti'den senatÃ¶r adayÄ± olan ve eski baÅŸkan Donald Trump tarafÄ±ndanâ€¦",2022-11-09T13:27:39.000Z
0,@DrOz Time to go golfâ€¦because â€œthatâ€™s what doctors doâ€! #droz #loser #Fetterman #SenatorFetterman #oz #mehmetoz #Midterms2022,2022-11-09T13:16:53.000Z
0.0258,"RT @artasovor_: genocide denier and Erdoganâ€™s puppy #MehmetOz has lost #Pennsylvaniaâ€™s tight #senate race 

God bless the Armenian people wâ€¦",2022-11-09T13:11:45.000Z
0,ğŸ¤£ğŸ¤£ #MehmetOz https://t.co/z9r7gSbGxk,2022-11-09T12:58:51.000Z
-0.7184,"â€˜Leadershipâ€™ based in lies, meanness, and fear â€” A midterm election laid out on a silver platter that only you coulâ€¦ https://t.co/N2yBZJReGT",2022-11-09T12:29:49.000Z
-0.4588,"So Pennsylvania elected a literal vegetable to the Senate. 

Is it obvious now that Trump backed the wrong challengâ€¦ https://t.co/AIzTxkEpaZ",2022-11-09T12:28:24.000Z
0,"Ä°Ã§iÅŸleri BakanÄ±mÄ±z Sn.@suleymansoylu ,

ğŸ¤š ""SenatÃ¶r olursam TÃ¼rk vatandaÅŸlÄ±ÄŸÄ±ndan Ã§Ä±kacaÄŸÄ±m"" diyen #MehmetOz senatÃ¶râ€¦ https://t.co/Vh5GGJiEyD",2022-11-09T12:08:54.000Z
0,"RT @Yldrmk81: #ABD'nin bÃ¼yÃ¼k bir bÃ¶lÃ¼mÃ¼nde sandÄ±klar kapanÄ±nca, CumhuriyetÃ§ilerin kaÃ§Ä±rmayÄ± umduÄŸu bazÄ± Ã§an sesi yarÄ±ÅŸlarÄ± Demokratlar taraâ€¦",2022-11-09T12:08:03.000Z
0,"RT @Yldrmk81: #ABD'nin bÃ¼yÃ¼k bir bÃ¶lÃ¼mÃ¼nde sandÄ±klar kapanÄ±nca, CumhuriyetÃ§ilerin kaÃ§Ä±rmayÄ± umduÄŸu bazÄ± Ã§an sesi yarÄ±ÅŸlarÄ± Demokratlar taraâ€¦",2022-11-09T12:06:27.000Z
0,"RT @Yldrmk81: #ABD'nin bÃ¼yÃ¼k bir bÃ¶lÃ¼mÃ¼nde sandÄ±klar kapanÄ±nca, CumhuriyetÃ§ilerin kaÃ§Ä±rmayÄ± umduÄŸu bazÄ± Ã§an sesi yarÄ±ÅŸlarÄ± Demokratlar taraâ€¦",2022-11-09T12:06:27.000Z
0,"RT @Yldrmk81: #ABD'nin bÃ¼yÃ¼k bir bÃ¶lÃ¼mÃ¼nde sandÄ±klar kapanÄ±nca, CumhuriyetÃ§ilerin kaÃ§Ä±rmayÄ± umduÄŸu bazÄ± Ã§an sesi yarÄ±ÅŸlarÄ± Demokratlar taraâ€¦",2022-11-09T12:06:23.000Z
0,"RT @Yldrmk81: #ABD'nin bÃ¼yÃ¼k bir bÃ¶lÃ¼mÃ¼nde sandÄ±klar kapanÄ±nca, CumhuriyetÃ§ilerin kaÃ§Ä±rmayÄ± umduÄŸu bazÄ± Ã§an sesi yarÄ±ÅŸlarÄ± Demokratlar taraâ€¦",2022-11-09T12:06:23.000Z
0,"RT @Yldrmk81: #ABD'nin bÃ¼yÃ¼k bir bÃ¶lÃ¼mÃ¼nde sandÄ±klar kapanÄ±nca, CumhuriyetÃ§ilerin kaÃ§Ä±rmayÄ± umduÄŸu bazÄ± Ã§an sesi yarÄ±ÅŸlarÄ± Demokratlar taraâ€¦",2022-11-09T12:06:23.000Z
0,"RT @Yldrmk81: #ABD'nin bÃ¼yÃ¼k bir bÃ¶lÃ¼mÃ¼nde sandÄ±klar kapanÄ±nca, CumhuriyetÃ§ilerin kaÃ§Ä±rmayÄ± umduÄŸu bazÄ± Ã§an sesi yarÄ±ÅŸlarÄ± Demokratlar taraâ€¦",2022-11-09T12:06:23.000Z
0,"#ABD'nin bÃ¼yÃ¼k bir bÃ¶lÃ¼mÃ¼nde sandÄ±klar kapanÄ±nca, CumhuriyetÃ§ilerin kaÃ§Ä±rmayÄ± umduÄŸu bazÄ± Ã§an sesi yarÄ±ÅŸlarÄ± Demokrâ€¦ https://t.co/J5M30t6E6N",2022-11-09T12:06:00.000Z
0.1779,"RT @Return2Sanity2: @DrOz Mehmet, you are a quack. You would have been better off hiding behind your show. Your exposure in the media and lâ€¦",2022-11-09T12:01:06.000Z
0,RT @sma_azra: #Ordu #mesleknoebetindeyiz #carsamba #earthquake #HaddiniBilCihanKolivar #Napoli #blindgetrouwd #GSvOF #RocaAFazenda #ALTIN #â€¦,2022-11-09T11:54:20.000Z
0,"When you wake up and see #LaurenBoebert, #HerschelWalker and #MehmetOz loosing and Republicans going ballisticâ€¦ https://t.co/BhAZ1IP7mA",2022-11-09T11:53:13.000Z
0.8345,"â€œOZ CALLS FETTERMAN AND CONGRATULATES ON WIN. FETTERMAN PROMISES NOT TO EAT HIM.â€
#fetterman2022 #MehmetOz https://t.co/BBNj1oqG1O",2022-11-09T11:51:44.000Z
0,Mehmet Ã–z kimdir? https://t.co/huoh0bMMLk #mehmetoz @mehmetoz https://t.co/KOa5aXkQ5L,2022-11-09T11:30:14.000Z
0,"So #MehmetOz heading back to #NewJersey now? You know, where heâ€™s actually from. https://t.co/aKqjRbLTNS",2022-11-09T11:19:08.000Z
0,"GrundsÃ¤tzlich freue ich mich ja aus GrÃ¼nden, wenn ein tÃ¼rkisch-stÃ¤mmiger Landsmann irgendwo auf dieser Welt nach deâ€¦ https://t.co/c3ChJZudrZ",2022-11-09T11:08:48.000Z
0,RT @sma_azra: #Ordu #mesleknoebetindeyiz #carsamba #earthquake #HaddiniBilCihanKolivar #Napoli #blindgetrouwd #GSvOF #RocaAFazenda #ALTIN #â€¦,2022-11-09T10:58:37.000Z
0,Akpnin truva atÄ± #MehmetOz zortlamÄ±ÅŸ ğŸ˜„,2022-11-09T10:41:50.000Z
0,RT @sma_azra: #Ordu #mesleknoebetindeyiz #carsamba #earthquake #HaddiniBilCihanKolivar #Napoli #blindgetrouwd #GSvOF #RocaAFazenda #ALTIN #â€¦,2022-11-09T10:35:42.000Z
0,RT @sonmuhurhaber: Dr. Mehmet Ã–z seÃ§imi kaybetti https://t.co/vmIavbtKR2 #MehmetOz #ABDsecimleri,2022-11-09T10:31:55.000Z
-0.5423,RT @IanEnglush: Bad news/good news for perpetual #loser #DonaldTrump/#MehmetOz: #American patriots peered bhind the curtain and it was theâ€¦,2022-11-09T10:31:16.000Z
0,"Bravo @ANCA_DC â€¼ï¸â€¼ï¸â€¼ï¸
#StandWithArmenia #ArmÃ©nie #nÃ©gationnisme #USA #aliyevisaterrorist #Aliyev #MehmetOz https://t.co/jGyoJIZN74",2022-11-09T10:26:34.000Z
-0.5423,Bad news/good news for perpetual #loser #DonaldTrump/#MehmetOz: #American patriots peered bhind the curtain and itâ€¦ https://t.co/qFbXS2K2fJ,2022-11-09T10:26:17.000Z
0,#MehmetOz plenty of snake oil left for you to sell...bye bye,2022-11-09T10:08:51.000Z
0,@poyrazalti Niye TÃ¼rkiye geÃ§miÅŸ olsun @Akpartiâ€™ye geÃ§miÅŸ olsun. Zira #Trumpâ€™Ä± da onun adamÄ± #MehmetOzâ€™Ã¼ de onlar destekliyor.,2022-11-09T10:04:32.000Z
0,RT @sma_azra: #Ordu #mesleknoebetindeyiz #carsamba #earthquake #HaddiniBilCihanKolivar #Napoli #blindgetrouwd #GSvOF #RocaAFazenda #ALTIN #â€¦,2022-11-09T10:03:53.000Z
0,RT @sma_azra: #Ordu #mesleknoebetindeyiz #carsamba #earthquake #HaddiniBilCihanKolivar #Napoli #blindgetrouwd #GSvOF #RocaAFazenda #ALTIN #â€¦,2022-11-09T09:59:07.000Z
0,"#MehmetOz, maalesef Penysylvania'yÄ± kaybetti. GÃ¼Ã§lÃ¼, cesur ve Ã¶rnek giriÅŸimi iÃ§in kendisini kutluyorum. Ä°lgi ve beÄŸâ€¦ https://t.co/gNli9VP6Ag",2022-11-09T09:54:59.000Z
0,RT @sma_azra: #Ordu #mesleknoebetindeyiz #carsamba #earthquake #HaddiniBilCihanKolivar #Napoli #blindgetrouwd #GSvOF #RocaAFazenda #ALTIN #â€¦,2022-11-09T09:42:47.000Z
0,RT @sma_azra: #Ordu #mesleknoebetindeyiz #carsamba #earthquake #HaddiniBilCihanKolivar #Napoli #blindgetrouwd #GSvOF #RocaAFazenda #ALTIN #â€¦,2022-11-09T09:36:04.000Z
0,RT @sma_azra: #Ordu #mesleknoebetindeyiz #carsamba #earthquake #HaddiniBilCihanKolivar #Napoli #blindgetrouwd #GSvOF #RocaAFazenda #ALTIN #â€¦,2022-11-09T09:33:49.000Z
0,"RT @desingofbenz: @haskologlu Adam olsa tÃ¼rk vatandaÅŸlÄ±ÄŸÄ±ndan Ã§Ä±kacam demez.Eminim bunun bu lafÄ±ndan,ABD seÃ§meni bile karaktersiz olduÄŸunuâ€¦",2022-11-09T09:32:17.000Z
0,RT @sma_azra: #Ordu #mesleknoebetindeyiz #carsamba #earthquake #HaddiniBilCihanKolivar #Napoli #blindgetrouwd #GSvOF #RocaAFazenda #ALTIN #â€¦,2022-11-09T09:32:09.000Z
0,"@haskologlu Adam olsa tÃ¼rk vatandaÅŸlÄ±ÄŸÄ±ndan Ã§Ä±kacam demez.Eminim bunun bu lafÄ±ndan,ABD seÃ§meni bile karaktersiz oldâ€¦ https://t.co/gYafeaNxvj",2022-11-09T09:29:57.000Z
0,GÃ¼zel ÅŸeyler de oluyor. Nadir de olsa #MehmetOz https://t.co/SSrSikzsjG,2022-11-09T09:25:50.000Z
0,"ğŸ‡ºğŸ‡¸ âš¡ï¸ ABD'de yapÄ±lan Kongre ara seÃ§imlerinde CumhuriyetÃ§i Parti'den senatÃ¶r adayÄ± olan ve eski baÅŸkan Donald Trumpâ€¦ https://t.co/69xaIBSYuq",2022-11-09T09:24:43.000Z
0,"Î”Î¹ÏŒÏÎ¸Ï‰ÏƒÎ·: Î±Ï…Ï„Î® ÎµÎ¯Î½Î±Î¹ Î· ÏƒÏ‰ÏƒÏ„Î® Ï†Ï‰Ï„Î¿Î³ÏÎ±Ï†Î¯Î±
#ÎºÎ¿Î»Î±Î¶ #Election2022 #elections #ElectionDay #MehmetOz #USAElections #USA https://t.co/8nxPFHZ3Pr",2022-11-09T09:16:58.000Z
0,RT @sma_azra: #Ordu #mesleknoebetindeyiz #carsamba #earthquake #HaddiniBilCihanKolivar #Napoli #blindgetrouwd #GSvOF #RocaAFazenda #ALTIN #â€¦,2022-11-09T09:16:19.000Z
0,RT @sma_azra: #Ordu #mesleknoebetindeyiz #carsamba #earthquake #HaddiniBilCihanKolivar #Napoli #blindgetrouwd #GSvOF #RocaAFazenda #ALTIN #â€¦,2022-11-09T08:55:49.000Z
0,Dr. Mehmet Ã–z seÃ§imi kaybetti https://t.co/vmIavbtKR2 #MehmetOz #ABDsecimleri,2022-11-09T08:52:08.000Z
0,RT @sma_azra: #Ordu #mesleknoebetindeyiz #carsamba #earthquake #HaddiniBilCihanKolivar #Napoli #blindgetrouwd #GSvOF #RocaAFazenda #ALTIN #â€¦,2022-11-09T08:50:16.000Z
0.0258,"RT @artasovor_: genocide denier and Erdoganâ€™s puppy #MehmetOz has lost #Pennsylvaniaâ€™s tight #senate race 

God bless the Armenian people wâ€¦",2022-11-09T08:46:34.000Z
-0.3182,"RT @omerkanburoglu: Dr Mehmet Oz lost the election by a narrow margin.
#Fetterman #MehmetOz https://t.co/p2LcachFom",2022-11-09T08:45:49.000Z
0,RT @sma_azra: #Ordu #mesleknoebetindeyiz #carsamba #earthquake #HaddiniBilCihanKolivar #Napoli #blindgetrouwd #GSvOF #RocaAFazenda #ALTIN #â€¦,2022-11-09T08:40:17.000Z
0,RT @sma_azra: #Ordu #mesleknoebetindeyiz #carsamba #earthquake #HaddiniBilCihanKolivar #Napoli #blindgetrouwd #GSvOF #RocaAFazenda #ALTIN #â€¦,2022-11-09T08:36:16.000Z
0,RT @sma_azra: #Ordu #mesleknoebetindeyiz #carsamba #earthquake #HaddiniBilCihanKolivar #Napoli #blindgetrouwd #GSvOF #RocaAFazenda #ALTIN #â€¦,2022-11-09T08:30:56.000Z
0,RT @sma_azra: #Ordu #mesleknoebetindeyiz #carsamba #earthquake #HaddiniBilCihanKolivar #Napoli #blindgetrouwd #GSvOF #RocaAFazenda #ALTIN #â€¦,2022-11-09T08:23:53.000Z
0,RT @sma_azra: #Ordu #mesleknoebetindeyiz #carsamba #earthquake #HaddiniBilCihanKolivar #Napoli #blindgetrouwd #GSvOF #RocaAFazenda #ALTIN #â€¦,2022-11-09T08:23:13.000Z
-0.3182,"RT @ProfAhmet_Uysal: #MehmetOz loses to #Obama, not to #Fetterman as the former president put his weight in the local race.  
ğŸ”¸ï¸Obama selliâ€¦",2022-11-09T08:23:01.000Z
0,"RT @As_prosexes: Î’Î»Î­Ï€Ï‰ Î–Î®ÏƒÎ· Î’ÏÏÎ¶Î±. 
#USAElections #MehmetOz #Election2022 #elections https://t.co/mde4dfFtn9",2022-11-09T08:15:07.000Z
-0.3802,Always knew #oz was a phony! #Fetterman defeats #MehmetOz #paynoattentiontothatmanbehindthecurtain https://t.co/GcMU7fY3xc,2022-11-09T08:11:10.000Z
0,RT @sma_azra: #Ordu #mesleknoebetindeyiz #carsamba #earthquake #HaddiniBilCihanKolivar #Napoli #blindgetrouwd #GSvOF #RocaAFazenda #ALTIN #â€¦,2022-11-09T08:05:00.000Z
0,#Ordu #mesleknoebetindeyiz #carsamba #earthquake #HaddiniBilCihanKolivar #Napoli #blindgetrouwd #GSvOFâ€¦ https://t.co/THUvq00IZX,2022-11-09T08:03:56.000Z
0,"RT @As_prosexes: Î’Î»Î­Ï€Ï‰ Î–Î®ÏƒÎ· Î’ÏÏÎ¶Î±. 
#USAElections #MehmetOz #Election2022 #elections https://t.co/mde4dfFtn9",2022-11-09T08:01:13.000Z
0,"Î’Î»Î­Ï€Ï‰ Î–Î®ÏƒÎ· Î’ÏÏÎ¶Î±. 
#USAElections #MehmetOz #Election2022 #elections https://t.co/mde4dfFtn9",2022-11-09T07:59:25.000Z
0,"RT @wearitlikeadiva: Hey Oz, buh bye! #MehmetOz #Pennsylvania #FettermanWins #Fetterman https://t.co/vI2tziuhN0",2022-11-09T07:57:42.000Z
-0.3182,Fetterman defeats Oz in the Pennsylvania Senate race https://t.co/nMptyu7EJi #FettermanForSenate #Fetterman #fetterman2022 #MehmetOz,2022-11-09T07:53:06.000Z
0,"#DrOz 
#MehmetOz https://t.co/mrDR9vUhW3",2022-11-09T07:47:42.000Z
0,"ABD'de ara seÃ§im: Mehmet Ã–z, Pensilvanya'da seÃ§imi kaybetti
https://t.co/tnT4yYtagh
#ABD #seÃ§im #MehmetOzâ€¦ https://t.co/HXDIHkl4lr",2022-11-09T07:46:30.000Z
0,"Hey Oz, buh bye! #MehmetOz #Pennsylvania #FettermanWins #Fetterman https://t.co/vI2tziuhN0",2022-11-09T07:41:59.000Z
0,#abd #amerika #america #seÃ§im #oy #mehmetoz #pensilvanya #fetÃ¶ #senato #oy #sondakika #haber #haberlerâ€¦ https://t.co/Zor9QIVNzJ,2022-11-09T07:37:58.000Z
0,"ABD Senatosuâ€™na seÃ§ilemeyen Mehmet Ã–z kimdir?

#MehmetOz #ABDSecimi
https://t.co/XEmDDPKzAR",2022-11-09T07:32:25.000Z
-0.1007,"I'm *so* glad that #Fetterman defeated that sleazy snake oil salesman, #MehmetOz! ğŸ‘ #FettermanTheBetterMan",2022-11-09T07:31:24.000Z
0.0772,Holy shit @JohnFetterman done flipped the Senate after 12 yrs in Republican hands. Congratulations on your much desâ€¦ https://t.co/cEUhUCtmt4,2022-11-09T07:18:53.000Z
0,Neyse ki #mehmetoz denen fasist Pennsylvania dan secilmedi ğŸ¤¦â€â™€ï¸ğŸ¥³#AmericanElections #MidtermElections2022 #midterm,2022-11-09T07:10:33.000Z
0.0258,"RT @artasovor_: genocide denier and Erdoganâ€™s puppy #MehmetOz has lost #Pennsylvaniaâ€™s tight #senate race 

God bless the Armenian people wâ€¦",2022-11-09T07:06:06.000Z
0,"Does @JohnFetterman send @DrOz a condolence veggie platter, or does he wait for #MehmetOz to send him a congratulatory cruditÃ©s platter?",2022-11-09T07:05:36.000Z
0,â–¶ï¸Foxnews haberine gÃ¶re Dr. Mehmet Ã–z Pennsylvania eyaletinde SenatÃ¶r seÃ§imlerini Demokrat Parti adayÄ± John Fettermâ€¦ https://t.co/AoAMjXruvh,2022-11-09T07:03:53.000Z
0.1779,"Voters in #Pennsylvania kicked #Trump's ass. That is the best news I have seen so far out of this election. Mehmetâ€¦ https://t.co/5WiV9SyF9k",2022-11-09T06:58:45.000Z
0.296,"@samanthamarika1 Yeah, because even while in recovery from a stroke he's still a million times the man that yourâ€¦ https://t.co/fJbQiQzkjR",2022-11-09T06:58:21.000Z
0.0258,"RT @artasovor_: genocide denier and Erdoganâ€™s puppy #MehmetOz has lost #Pennsylvaniaâ€™s tight #senate race 

God bless the Armenian people wâ€¦",2022-11-09T06:56:05.000Z
-0.25,"When #MehmetOz screws up the #Steelers quote and schedule, while campaigning for it. #ElectionNight2022",2022-11-09T06:53:46.000Z
-0.296,"@ClintoPete No crudite for you, carpetbagger
#MehmetOz 
#ElectionDay2022",2022-11-09T06:46:05.000Z
0.1779,"@DrOz Mehmet, you are a quack. You would have been better off hiding behind your show. Your exposure in the media aâ€¦ https://t.co/rJ4Mb92V2K",2022-11-09T06:36:56.000Z
0,"Tonight, #FettermanIsTheBetterman. #sorrynotsorry #MehmetOz https://t.co/gdlE9COBz1",2022-11-09T06:34:20.000Z